,0
0,"{'danceability': 0.674, 'energy': 0.667, 'key': 2, 'loudness': -7.385, 'mode': 1, 'speechiness': 0.0358, 'acousticness': 0.206, 'instrumentalness': 0.0131, 'liveness': 0.1, 'valence': 0.78, 'tempo': 151.957, 'type': 'audio_features', 'id': '5iYoNasLiEiinDUAkyPjyY', 'uri': 'spotify:track:5iYoNasLiEiinDUAkyPjyY', 'track_href': 'https://api.spotify.com/v1/tracks/5iYoNasLiEiinDUAkyPjyY', 'analysis_url': 'https://api.spotify.com/v1/audio-analysis/5iYoNasLiEiinDUAkyPjyY', 'duration_ms': 347493, 'time_signature': 4}"
1,"{'danceability': 0.583, 'energy': 0.219, 'key': 8, 'loudness': -15.274, 'mode': 1, 'speechiness': 0.061, 'acousticness': 0.978, 'instrumentalness': 0, 'liveness': 0.0741, 'valence': 0.366, 'tempo': 116.564, 'type': 'audio_features', 'id': '5LvgJngShRbQRntjegDLqD', 'uri': 'spotify:track:5LvgJngShRbQRntjegDLqD', 'track_href': 'https://api.spotify.com/v1/tracks/5LvgJngShRbQRntjegDLqD', 'analysis_url': 'https://api.spotify.com/v1/audio-analysis/5LvgJngShRbQRntjegDLqD', 'duration_ms': 158613, 'time_signature': 4}"
2,"{'danceability': 0.278, 'energy': 0.0165, 'key': 1, 'loudness': -20.307, 'mode': 1, 'speechiness': 0.0315, 'acousticness': 0.984, 'instrumentalness': 1.2e-06, 'liveness': 0.117, 'valence': 0.162, 'tempo': 100.594, 'type': 'audio_features', 'id': '3N5v7Zn9aE5WISyGHHDz6T', 'uri': 'spotify:track:3N5v7Zn9aE5WISyGHHDz6T', 'track_href': 'https://api.spotify.com/v1/tracks/3N5v7Zn9aE5WISyGHHDz6T', 'analysis_url': 'https://api.spotify.com/v1/audio-analysis/3N5v7Zn9aE5WISyGHHDz6T', 'duration_ms': 230467, 'time_signature': 3}"
3,"{'danceability': 0.611, 'energy': 0.538, 'key': 9, 'loudness': -7.74, 'mode': 1, 'speechiness': 0.0343, 'acousticness': 0.76, 'instrumentalness': 2.68e-05, 'liveness': 0.612, 'valence': 0.319, 'tempo': 90.124, 'type': 'audio_features', 'id': '2NVaKeIAUZwN5tXnn12EMi', 'uri': 'spotify:track:2NVaKeIAUZwN5tXnn12EMi', 'track_href': 'https://api.spotify.com/v1/tracks/2NVaKeIAUZwN5tXnn12EMi', 'analysis_url': 'https://api.spotify.com/v1/audio-analysis/2NVaKeIAUZwN5tXnn12EMi', 'duration_ms': 239093, 'time_signature': 4}"
4,"{'danceability': 0.422, 'energy': 0.28, 'key': 5, 'loudness': -11.277, 'mode': 1, 'speechiness': 0.0365, 'acousticness': 0.824, 'instrumentalness': 0, 'liveness': 0.297, 'valence': 0.496, 'tempo': 100.839, 'type': 'audio_features', 'id': '6Hy22YDN9HJMRlJP1LwnJy', 'uri': 'spotify:track:6Hy22YDN9HJMRlJP1LwnJy', 'track_href': 'https://api.spotify.com/v1/tracks/6Hy22YDN9HJMRlJP1LwnJy', 'analysis_url': 'https://api.spotify.com/v1/audio-analysis/6Hy22YDN9HJMRlJP1LwnJy', 'duration_ms': 147841, 'time_signature': 4}"
5,"{'danceability': 0.481, 'energy': 0.362, 'key': 1, 'loudness': -12.635, 'mode': 0, 'speechiness': 0.0511, 'acousticness': 0.982, 'instrumentalness': 0, 'liveness': 0.103, 'valence': 0.381, 'tempo': 73.245, 'type': 'audio_features', 'id': '0d8blmysuiMH73tLQMc4Fc', 'uri': 'spotify:track:0d8blmysuiMH73tLQMc4Fc', 'track_href': 'https://api.spotify.com/v1/tracks/0d8blmysuiMH73tLQMc4Fc', 'analysis_url': 'https://api.spotify.com/v1/audio-analysis/0d8blmysuiMH73tLQMc4Fc', 'duration_ms': 114120, 'time_signature': 3}"
6,"{'danceability': 0.788, 'energy': 0.395, 'key': 2, 'loudness': -8.521, 'mode': 1, 'speechiness': 0.124, 'acousticness': 0.02, 'instrumentalness': 0, 'liveness': 0.167, 'valence': 0.808, 'tempo': 105.985, 'type': 'audio_features', 'id': '7hUuGmq5C0AlB4X58TrQ3e', 'uri': 'spotify:track:7hUuGmq5C0AlB4X58TrQ3e', 'track_href': 'https://api.spotify.com/v1/tracks/7hUuGmq5C0AlB4X58TrQ3e', 'analysis_url': 'https://api.spotify.com/v1/audio-analysis/7hUuGmq5C0AlB4X58TrQ3e', 'duration_ms': 186107, 'time_signature': 4}"
7,"{'danceability': 0.304, 'energy': 0.239, 'key': 8, 'loudness': -7.959, 'mode': 1, 'speechiness': 0.0372, 'acousticness': 0.942, 'instrumentalness': 0, 'liveness': 0.116, 'valence': 0.232, 'tempo': 170.179, 'type': 'audio_features', 'id': '5CeKQoWwYP3ELGwiiOvK3m', 'uri': 'spotify:track:5CeKQoWwYP3ELGwiiOvK3m', 'track_href': 'https://api.spotify.com/v1/tracks/5CeKQoWwYP3ELGwiiOvK3m', 'analysis_url': 'https://api.spotify.com/v1/audio-analysis/5CeKQoWwYP3ELGwiiOvK3m', 'duration_ms': 132507, 'time_signature': 3}"
8,"{'danceability': 0.493, 'energy': 0.0863, 'key': 6, 'loudness': -12.9, 'mode': 1, 'speechiness': 0.0732, 'acousticness': 0.975, 'instrumentalness': 0, 'liveness': 0.276, 'valence': 0.392, 'tempo': 110.062, 'type': 'audio_features', 'id': '1F6xDpEAWjGHMf2Lw12jMj', 'uri': 'spotify:track:1F6xDpEAWjGHMf2Lw12jMj', 'track_href': 'https://api.spotify.com/v1/tracks/1F6xDpEAWjGHMf2Lw12jMj', 'analysis_url': 'https://api.spotify.com/v1/audio-analysis/1F6xDpEAWjGHMf2Lw12jMj', 'duration_ms': 63093, 'time_signature': 3}"
9,"{'danceability': 0.538, 'energy': 0.925, 'key': 0, 'loudness': -4.62, 'mode': 1, 'speechiness': 0.0631, 'acousticness': 0.00249, 'instrumentalness': 4.52e-05, 'liveness': 0.11, 'valence': 0.397, 'tempo': 135.025, 'type': 'audio_features', 'id': '6aAwVy5Hzf44HaXlG6INFO', 'uri': 'spotify:track:6aAwVy5Hzf44HaXlG6INFO', 'track_href': 'https://api.spotify.com/v1/tracks/6aAwVy5Hzf44HaXlG6INFO', 'analysis_url': 'https://api.spotify.com/v1/audio-analysis/6aAwVy5Hzf44HaXlG6INFO', 'duration_ms': 257880, 'time_signature': 4}"
10,"{'danceability': 0.525, 'energy': 0.131, 'key': 11, 'loudness': -15.937, 'mode': 1, 'speechiness': 0.0281, 'acousticness': 0.623, 'instrumentalness': 0.000145, 'liveness': 0.254, 'valence': 0.616, 'tempo': 63.071, 'type': 'audio_features', 'id': '5akBpqWmFWEHoBGRIrR5aK', 'uri': 'spotify:track:5akBpqWmFWEHoBGRIrR5aK', 'track_href': 'https://api.spotify.com/v1/tracks/5akBpqWmFWEHoBGRIrR5aK', 'analysis_url': 'https://api.spotify.com/v1/audio-analysis/5akBpqWmFWEHoBGRIrR5aK', 'duration_ms': 203573, 'time_signature': 4}"
11,"{'danceability': 0.405, 'energy': 0.00905, 'key': 5, 'loudness': -17.065, 'mode': 1, 'speechiness': 0.0315, 'acousticness': 0.985, 'instrumentalness': 0, 'liveness': 0.102, 'valence': 0.155, 'tempo': 83.982, 'type': 'audio_features', 'id': '6w0H5icJIzNDvmwHYdeFwC', 'uri': 'spotify:track:6w0H5icJIzNDvmwHYdeFwC', 'track_href': 'https://api.spotify.com/v1/tracks/6w0H5icJIzNDvmwHYdeFwC', 'analysis_url': 'https://api.spotify.com/v1/audio-analysis/6w0H5icJIzNDvmwHYdeFwC', 'duration_ms': 154067, 'time_signature': 4}"
12,"{'danceability': 0.489, 'energy': 0.649, 'key': 9, 'loudness': -5.11, 'mode': 1, 'speechiness': 0.0336, 'acousticness': 0.000603, 'instrumentalness': 0.713, 'liveness': 0.101, 'valence': 0.77, 'tempo': 158.009, 'type': 'audio_features', 'id': '57Xjny5yNzAcsxnusKmAfA', 'uri': 'spotify:track:57Xjny5yNzAcsxnusKmAfA', 'track_href': 'https://api.spotify.com/v1/tracks/57Xjny5yNzAcsxnusKmAfA', 'analysis_url': 'https://api.spotify.com/v1/audio-analysis/57Xjny5yNzAcsxnusKmAfA', 'duration_ms': 219827, 'time_signature': 4}"
13,"{'danceability': 0.757, 'energy': 0.749, 'key': 5, 'loudness': -9.912, 'mode': 1, 'speechiness': 0.0336, 'acousticness': 0.369, 'instrumentalness': 1.35e-06, 'liveness': 0.101, 'valence': 0.893, 'tempo': 132.013, 'type': 'audio_features', 'id': '2dZNgClWlCwg3KyYnSciz0', 'uri': 'spotify:track:2dZNgClWlCwg3KyYnSciz0', 'track_href': 'https://api.spotify.com/v1/tracks/2dZNgClWlCwg3KyYnSciz0', 'analysis_url': 'https://api.spotify.com/v1/audio-analysis/2dZNgClWlCwg3KyYnSciz0', 'duration_ms': 208627, 'time_signature': 4}"
14,"{'danceability': 0.463, 'energy': 0.194, 'key': 3, 'loudness': -13.12, 'mode': 0, 'speechiness': 0.0311, 'acousticness': 0.982, 'instrumentalness': 0, 'liveness': 0.161, 'valence': 0.402, 'tempo': 112.063, 'type': 'audio_features', 'id': '0En4edlmwdsOvwdEFlADq7', 'uri': 'spotify:track:0En4edlmwdsOvwdEFlADq7', 'track_href': 'https://api.spotify.com/v1/tracks/0En4edlmwdsOvwdEFlADq7', 'analysis_url': 'https://api.spotify.com/v1/audio-analysis/0En4edlmwdsOvwdEFlADq7', 'duration_ms': 185813, 'time_signature': 4}"
15,"{'danceability': 0.487, 'energy': 0.369, 'key': 11, 'loudness': -13.424, 'mode': 0, 'speechiness': 0.0406, 'acousticness': 0.736, 'instrumentalness': 3.75e-05, 'liveness': 0.0925, 'valence': 0.106, 'tempo': 183.114, 'type': 'audio_features', 'id': '1gk3FhAV07q9Jg77UxnVjX', 'uri': 'spotify:track:1gk3FhAV07q9Jg77UxnVjX', 'track_href': 'https://api.spotify.com/v1/tracks/1gk3FhAV07q9Jg77UxnVjX', 'analysis_url': 'https://api.spotify.com/v1/audio-analysis/1gk3FhAV07q9Jg77UxnVjX', 'duration_ms': 289307, 'time_signature': 4}"
16,"{'danceability': 0.233, 'energy': 0.0556, 'key': 10, 'loudness': -13.361, 'mode': 0, 'speechiness': 0.0331, 'acousticness': 0.975, 'instrumentalness': 3.95e-06, 'liveness': 0.0967, 'valence': 0.127, 'tempo': 79.856, 'type': 'audio_features', 'id': '1uGuNoY1vw5NKPQXctcWW4', 'uri': 'spotify:track:1uGuNoY1vw5NKPQXctcWW4', 'track_href': 'https://api.spotify.com/v1/tracks/1uGuNoY1vw5NKPQXctcWW4', 'analysis_url': 'https://api.spotify.com/v1/audio-analysis/1uGuNoY1vw5NKPQXctcWW4', 'duration_ms': 228387, 'time_signature': 1}"
17,"{'danceability': 0.605, 'energy': 0.544, 'key': 2, 'loudness': -11.37, 'mode': 1, 'speechiness': 0.0682, 'acousticness': 0.823, 'instrumentalness': 0.00579, 'liveness': 0.338, 'valence': 0.797, 'tempo': 115.779, 'type': 'audio_features', 'id': '4EoUALVwY4i7U6uKRhk8hr', 'uri': 'spotify:track:4EoUALVwY4i7U6uKRhk8hr', 'track_href': 'https://api.spotify.com/v1/tracks/4EoUALVwY4i7U6uKRhk8hr', 'analysis_url': 'https://api.spotify.com/v1/audio-analysis/4EoUALVwY4i7U6uKRhk8hr', 'duration_ms': 163627, 'time_signature': 4}"
18,"{'danceability': 0.211, 'energy': 0.122, 'key': 0, 'loudness': -9.65, 'mode': 1, 'speechiness': 0.03, 'acousticness': 0.843, 'instrumentalness': 0, 'liveness': 0.121, 'valence': 0.108, 'tempo': 91.32, 'type': 'audio_features', 'id': '7zPYaOz5zWoVrfuqD1aCAW', 'uri': 'spotify:track:7zPYaOz5zWoVrfuqD1aCAW', 'track_href': 'https://api.spotify.com/v1/tracks/7zPYaOz5zWoVrfuqD1aCAW', 'analysis_url': 'https://api.spotify.com/v1/audio-analysis/7zPYaOz5zWoVrfuqD1aCAW', 'duration_ms': 110707, 'time_signature': 4}"
19,"{'danceability': 0.589, 'energy': 0.551, 'key': 0, 'loudness': -6.2, 'mode': 1, 'speechiness': 0.0353, 'acousticness': 0.67, 'instrumentalness': 1.01e-06, 'liveness': 0.0918, 'valence': 0.715, 'tempo': 104.396, 'type': 'audio_features', 'id': '0Vpswx5knuuXW8HmNK1LrT', 'uri': 'spotify:track:0Vpswx5knuuXW8HmNK1LrT', 'track_href': 'https://api.spotify.com/v1/tracks/0Vpswx5knuuXW8HmNK1LrT', 'analysis_url': 'https://api.spotify.com/v1/audio-analysis/0Vpswx5knuuXW8HmNK1LrT', 'duration_ms': 161693, 'time_signature': 4}"
20,"{'danceability': 0.369, 'energy': 0.122, 'key': 1, 'loudness': -14.855, 'mode': 0, 'speechiness': 0.0322, 'acousticness': 0.982, 'instrumentalness': 8.89e-06, 'liveness': 0.379, 'valence': 0.135, 'tempo': 112.093, 'type': 'audio_features', 'id': '4oOxjmnAN57PlsR6wRi2um', 'uri': 'spotify:track:4oOxjmnAN57PlsR6wRi2um', 'track_href': 'https://api.spotify.com/v1/tracks/4oOxjmnAN57PlsR6wRi2um', 'analysis_url': 'https://api.spotify.com/v1/audio-analysis/4oOxjmnAN57PlsR6wRi2um', 'duration_ms': 123027, 'time_signature': 4}"
21,"{'danceability': 0.521, 'energy': 0.207, 'key': 7, 'loudness': -12.859, 'mode': 0, 'speechiness': 0.0378, 'acousticness': 0.979, 'instrumentalness': 5.71e-06, 'liveness': 0.0893, 'valence': 0.162, 'tempo': 105.164, 'type': 'audio_features', 'id': '2vwW4m0rCSgC88O9TORLQ8', 'uri': 'spotify:track:2vwW4m0rCSgC88O9TORLQ8', 'track_href': 'https://api.spotify.com/v1/tracks/2vwW4m0rCSgC88O9TORLQ8', 'analysis_url': 'https://api.spotify.com/v1/audio-analysis/2vwW4m0rCSgC88O9TORLQ8', 'duration_ms': 168240, 'time_signature': 4}"
22,"{'danceability': 0.342, 'energy': 0.0533, 'key': 8, 'loudness': -14.343, 'mode': 1, 'speechiness': 0.05, 'acousticness': 0.935, 'instrumentalness': 0, 'liveness': 0.154, 'valence': 0.0786, 'tempo': 66.15, 'type': 'audio_features', 'id': '6JaykGXcSg2XmTLJX98hdI', 'uri': 'spotify:track:6JaykGXcSg2XmTLJX98hdI', 'track_href': 'https://api.spotify.com/v1/tracks/6JaykGXcSg2XmTLJX98hdI', 'analysis_url': 'https://api.spotify.com/v1/audio-analysis/6JaykGXcSg2XmTLJX98hdI', 'duration_ms': 230640, 'time_signature': 5}"
23,"{'danceability': 0.749, 'energy': 0.714, 'key': 4, 'loudness': -5.055, 'mode': 1, 'speechiness': 0.199, 'acousticness': 0.102, 'instrumentalness': 0.00794, 'liveness': 0.173, 'valence': 0.782, 'tempo': 96.515, 'type': 'audio_features', 'id': '7cXTeKWKBt9IPEado3XGpk', 'uri': 'spotify:track:7cXTeKWKBt9IPEado3XGpk', 'track_href': 'https://api.spotify.com/v1/tracks/7cXTeKWKBt9IPEado3XGpk', 'analysis_url': 'https://api.spotify.com/v1/audio-analysis/7cXTeKWKBt9IPEado3XGpk', 'duration_ms': 189827, 'time_signature': 4}"
24,"{'danceability': 0.574, 'energy': 0.8, 'key': 1, 'loudness': -5.686, 'mode': 0, 'speechiness': 0.0405, 'acousticness': 0.0356, 'instrumentalness': 0.00157, 'liveness': 0.424, 'valence': 0.421, 'tempo': 73.588, 'type': 'audio_features', 'id': '70WY0OFaz7293OjqeUPJnL', 'uri': 'spotify:track:70WY0OFaz7293OjqeUPJnL', 'track_href': 'https://api.spotify.com/v1/tracks/70WY0OFaz7293OjqeUPJnL', 'analysis_url': 'https://api.spotify.com/v1/audio-analysis/70WY0OFaz7293OjqeUPJnL', 'duration_ms': 228056, 'time_signature': 4}"
25,"{'danceability': 0.531, 'energy': 0.247, 'key': 11, 'loudness': -14.865, 'mode': 1, 'speechiness': 0.0557, 'acousticness': 0.952, 'instrumentalness': 0, 'liveness': 0.0888, 'valence': 0.605, 'tempo': 145.994, 'type': 'audio_features', 'id': '6pqU8jhjSDZcRHg1ylI92N', 'uri': 'spotify:track:6pqU8jhjSDZcRHg1ylI92N', 'track_href': 'https://api.spotify.com/v1/tracks/6pqU8jhjSDZcRHg1ylI92N', 'analysis_url': 'https://api.spotify.com/v1/audio-analysis/6pqU8jhjSDZcRHg1ylI92N', 'duration_ms': 118600, 'time_signature': 1}"
26,"{'danceability': 0.28, 'energy': 0.0155, 'key': 10, 'loudness': -19.441, 'mode': 1, 'speechiness': 0.0345, 'acousticness': 0.991, 'instrumentalness': 0, 'liveness': 0.132, 'valence': 0.123, 'tempo': 90.253, 'type': 'audio_features', 'id': '2akWcTfxTC9G5xtuD8pOIM', 'uri': 'spotify:track:2akWcTfxTC9G5xtuD8pOIM', 'track_href': 'https://api.spotify.com/v1/tracks/2akWcTfxTC9G5xtuD8pOIM', 'analysis_url': 'https://api.spotify.com/v1/audio-analysis/2akWcTfxTC9G5xtuD8pOIM', 'duration_ms': 112160, 'time_signature': 5}"
27,"{'danceability': 0.572, 'energy': 0.33, 'key': 9, 'loudness': -8.756, 'mode': 1, 'speechiness': 0.0278, 'acousticness': 0.378, 'instrumentalness': 0.00266, 'liveness': 0.126, 'valence': 0.232, 'tempo': 135.116, 'type': 'audio_features', 'id': '3dsd09qrt34YuS6NPbQtYq', 'uri': 'spotify:track:3dsd09qrt34YuS6NPbQtYq', 'track_href': 'https://api.spotify.com/v1/tracks/3dsd09qrt34YuS6NPbQtYq', 'analysis_url': 'https://api.spotify.com/v1/audio-analysis/3dsd09qrt34YuS6NPbQtYq', 'duration_ms': 231839, 'time_signature': 4}"
28,"{'danceability': 0.567, 'energy': 0.659, 'key': 4, 'loudness': -7.196, 'mode': 1, 'speechiness': 0.0303, 'acousticness': 0.118, 'instrumentalness': 0.513, 'liveness': 0.11, 'valence': 0.733, 'tempo': 179.861, 'type': 'audio_features', 'id': '1BlvDzR1MwebVS7f5uw5dw', 'uri': 'spotify:track:1BlvDzR1MwebVS7f5uw5dw', 'track_href': 'https://api.spotify.com/v1/tracks/1BlvDzR1MwebVS7f5uw5dw', 'analysis_url': 'https://api.spotify.com/v1/audio-analysis/1BlvDzR1MwebVS7f5uw5dw', 'duration_ms': 180907, 'time_signature': 4}"
29,"{'danceability': 0.593, 'energy': 0.5, 'key': 1, 'loudness': -8.532, 'mode': 1, 'speechiness': 0.029, 'acousticness': 0.707, 'instrumentalness': 1.24e-05, 'liveness': 0.0837, 'valence': 0.465, 'tempo': 117.996, 'type': 'audio_features', 'id': '1Wdj4wRDYS7aT4CoPS0mAH', 'uri': 'spotify:track:1Wdj4wRDYS7aT4CoPS0mAH', 'track_href': 'https://api.spotify.com/v1/tracks/1Wdj4wRDYS7aT4CoPS0mAH', 'analysis_url': 'https://api.spotify.com/v1/audio-analysis/1Wdj4wRDYS7aT4CoPS0mAH', 'duration_ms': 180087, 'time_signature': 4}"
30,"{'danceability': 0.387, 'energy': 0.821, 'key': 2, 'loudness': -6.003, 'mode': 1, 'speechiness': 0.0545, 'acousticness': 0.00151, 'instrumentalness': 2.65e-06, 'liveness': 0.067, 'valence': 0.487, 'tempo': 80.027, 'type': 'audio_features', 'id': '0y0DQuDcfnH5U6NCBTXX2x', 'uri': 'spotify:track:0y0DQuDcfnH5U6NCBTXX2x', 'track_href': 'https://api.spotify.com/v1/tracks/0y0DQuDcfnH5U6NCBTXX2x', 'analysis_url': 'https://api.spotify.com/v1/audio-analysis/0y0DQuDcfnH5U6NCBTXX2x', 'duration_ms': 232227, 'time_signature': 4}"
31,"{'danceability': 0.58, 'energy': 0.241, 'key': 11, 'loudness': -12.643, 'mode': 1, 'speechiness': 0.0391, 'acousticness': 0.983, 'instrumentalness': 0, 'liveness': 0.06, 'valence': 0.661, 'tempo': 69.628, 'type': 'audio_features', 'id': '498mDAmFKoZTd5BVucrH2M', 'uri': 'spotify:track:498mDAmFKoZTd5BVucrH2M', 'track_href': 'https://api.spotify.com/v1/tracks/498mDAmFKoZTd5BVucrH2M', 'analysis_url': 'https://api.spotify.com/v1/audio-analysis/498mDAmFKoZTd5BVucrH2M', 'duration_ms': 95840, 'time_signature': 4}"
32,"{'danceability': 0.473, 'energy': 0.261, 'key': 8, 'loudness': -12.264, 'mode': 1, 'speechiness': 0.031, 'acousticness': 0.131, 'instrumentalness': 0.896, 'liveness': 0.112, 'valence': 0.0354, 'tempo': 118.907, 'type': 'audio_features', 'id': '21Ax4AEzjabxEOSxqAui3t', 'uri': 'spotify:track:21Ax4AEzjabxEOSxqAui3t', 'track_href': 'https://api.spotify.com/v1/tracks/21Ax4AEzjabxEOSxqAui3t', 'analysis_url': 'https://api.spotify.com/v1/audio-analysis/21Ax4AEzjabxEOSxqAui3t', 'duration_ms': 274869, 'time_signature': 4}"
33,"{'danceability': 0.407, 'energy': 0.577, 'key': 11, 'loudness': -3.234, 'mode': 1, 'speechiness': 0.0584, 'acousticness': 0.00219, 'instrumentalness': 0.024, 'liveness': 0.0452, 'valence': 0.477, 'tempo': 134.407, 'type': 'audio_features', 'id': '6tO7DkRXDeqrrkyx5ktBaF', 'uri': 'spotify:track:6tO7DkRXDeqrrkyx5ktBaF', 'track_href': 'https://api.spotify.com/v1/tracks/6tO7DkRXDeqrrkyx5ktBaF', 'analysis_url': 'https://api.spotify.com/v1/audio-analysis/6tO7DkRXDeqrrkyx5ktBaF', 'duration_ms': 146960, 'time_signature': 4}"
34,"{'danceability': 0.695, 'energy': 0.873, 'key': 7, 'loudness': -4.444, 'mode': 0, 'speechiness': 0.058, 'acousticness': 0.0133, 'instrumentalness': 0.0306, 'liveness': 0.297, 'valence': 0.0368, 'tempo': 125.046, 'type': 'audio_features', 'id': '5KswDKhryIhpETMs48CxbY', 'uri': 'spotify:track:5KswDKhryIhpETMs48CxbY', 'track_href': 'https://api.spotify.com/v1/tracks/5KswDKhryIhpETMs48CxbY', 'analysis_url': 'https://api.spotify.com/v1/audio-analysis/5KswDKhryIhpETMs48CxbY', 'duration_ms': 477907, 'time_signature': 4}"
35,"{'danceability': 0.386, 'energy': 0.175, 'key': 0, 'loudness': -16.631, 'mode': 1, 'speechiness': 0.0324, 'acousticness': 0.916, 'instrumentalness': 0, 'liveness': 0.322, 'valence': 0.27, 'tempo': 96.064, 'type': 'audio_features', 'id': '5Vh5sQCtEJ5hlQ2YYvmCmO', 'uri': 'spotify:track:5Vh5sQCtEJ5hlQ2YYvmCmO', 'track_href': 'https://api.spotify.com/v1/tracks/5Vh5sQCtEJ5hlQ2YYvmCmO', 'analysis_url': 'https://api.spotify.com/v1/audio-analysis/5Vh5sQCtEJ5hlQ2YYvmCmO', 'duration_ms': 116440, 'time_signature': 3}"
36,"{'danceability': 0.431, 'energy': 0.177, 'key': 7, 'loudness': -17.643, 'mode': 0, 'speechiness': 0.078, 'acousticness': 0.976, 'instrumentalness': 0.000136, 'liveness': 0.105, 'valence': 0.209, 'tempo': 79.791, 'type': 'audio_features', 'id': '3L1InZl0IMmqmqtm5euyMW', 'uri': 'spotify:track:3L1InZl0IMmqmqtm5euyMW', 'track_href': 'https://api.spotify.com/v1/tracks/3L1InZl0IMmqmqtm5euyMW', 'analysis_url': 'https://api.spotify.com/v1/audio-analysis/3L1InZl0IMmqmqtm5euyMW', 'duration_ms': 186147, 'time_signature': 4}"
37,"{'danceability': 0.303, 'energy': 0.9, 'key': 2, 'loudness': -2.352, 'mode': 0, 'speechiness': 0.0574, 'acousticness': 0.0277, 'instrumentalness': 0.635, 'liveness': 0.11, 'valence': 0.491, 'tempo': 149.508, 'type': 'audio_features', 'id': '0LtOwyZoSNZKJWHqjzADpW', 'uri': 'spotify:track:0LtOwyZoSNZKJWHqjzADpW', 'track_href': 'https://api.spotify.com/v1/tracks/0LtOwyZoSNZKJWHqjzADpW', 'analysis_url': 'https://api.spotify.com/v1/audio-analysis/0LtOwyZoSNZKJWHqjzADpW', 'duration_ms': 192960, 'time_signature': 4}"
38,"{'danceability': 0.552, 'energy': 0.649, 'key': 10, 'loudness': -8.285, 'mode': 1, 'speechiness': 0.0274, 'acousticness': 0.157, 'instrumentalness': 0.000642, 'liveness': 0.277, 'valence': 0.49, 'tempo': 130.505, 'type': 'audio_features', 'id': '5pBwNXW3vdbq7HHR6Jix71', 'uri': 'spotify:track:5pBwNXW3vdbq7HHR6Jix71', 'track_href': 'https://api.spotify.com/v1/tracks/5pBwNXW3vdbq7HHR6Jix71', 'analysis_url': 'https://api.spotify.com/v1/audio-analysis/5pBwNXW3vdbq7HHR6Jix71', 'duration_ms': 255253, 'time_signature': 4}"
39,"{'danceability': 0.379, 'energy': 0.482, 'key': 0, 'loudness': -9.54, 'mode': 1, 'speechiness': 0.0296, 'acousticness': 0.622, 'instrumentalness': 3.82e-06, 'liveness': 0.248, 'valence': 0.246, 'tempo': 96.094, 'type': 'audio_features', 'id': '5strTQ70p3oSbyCUA2Hbz7', 'uri': 'spotify:track:5strTQ70p3oSbyCUA2Hbz7', 'track_href': 'https://api.spotify.com/v1/tracks/5strTQ70p3oSbyCUA2Hbz7', 'analysis_url': 'https://api.spotify.com/v1/audio-analysis/5strTQ70p3oSbyCUA2Hbz7', 'duration_ms': 184933, 'time_signature': 4}"
40,"{'danceability': 0.647, 'energy': 0.338, 'key': 8, 'loudness': -9.673, 'mode': 1, 'speechiness': 0.0516, 'acousticness': 0.481, 'instrumentalness': 0, 'liveness': 0.0879, 'valence': 0.511, 'tempo': 109.036, 'type': 'audio_features', 'id': '0mF3Ysmjl4QluLh4sZVnzf', 'uri': 'spotify:track:0mF3Ysmjl4QluLh4sZVnzf', 'track_href': 'https://api.spotify.com/v1/tracks/0mF3Ysmjl4QluLh4sZVnzf', 'analysis_url': 'https://api.spotify.com/v1/audio-analysis/0mF3Ysmjl4QluLh4sZVnzf', 'duration_ms': 175813, 'time_signature': 3}"
41,"{'danceability': 0.703, 'energy': 0.549, 'key': 0, 'loudness': -9.731, 'mode': 1, 'speechiness': 0.0295, 'acousticness': 0.326, 'instrumentalness': 0.00256, 'liveness': 0.082, 'valence': 0.385, 'tempo': 99.985, 'type': 'audio_features', 'id': '5YVYVuNA44FT2yVxEXOw3r', 'uri': 'spotify:track:5YVYVuNA44FT2yVxEXOw3r', 'track_href': 'https://api.spotify.com/v1/tracks/5YVYVuNA44FT2yVxEXOw3r', 'analysis_url': 'https://api.spotify.com/v1/audio-analysis/5YVYVuNA44FT2yVxEXOw3r', 'duration_ms': 199743, 'time_signature': 5}"
42,"{'danceability': 0.441, 'energy': 0.0421, 'key': 7, 'loudness': -20.567, 'mode': 1, 'speechiness': 0.0322, 'acousticness': 0.99, 'instrumentalness': 1.58e-06, 'liveness': 0.289, 'valence': 0.156, 'tempo': 94.957, 'type': 'audio_features', 'id': '7lrxmVwi62t7BLkEdNv4r6', 'uri': 'spotify:track:7lrxmVwi62t7BLkEdNv4r6', 'track_href': 'https://api.spotify.com/v1/tracks/7lrxmVwi62t7BLkEdNv4r6', 'analysis_url': 'https://api.spotify.com/v1/audio-analysis/7lrxmVwi62t7BLkEdNv4r6', 'duration_ms': 116600, 'time_signature': 4}"
43,"{'danceability': 0.463, 'energy': 0.684, 'key': 4, 'loudness': -9.034, 'mode': 1, 'speechiness': 0.0438, 'acousticness': 0.111, 'instrumentalness': 0.444, 'liveness': 0.0862, 'valence': 0.442, 'tempo': 104.321, 'type': 'audio_features', 'id': '7w2MLwpwnsZUrz01Dna5RD', 'uri': 'spotify:track:7w2MLwpwnsZUrz01Dna5RD', 'track_href': 'https://api.spotify.com/v1/tracks/7w2MLwpwnsZUrz01Dna5RD', 'analysis_url': 'https://api.spotify.com/v1/audio-analysis/7w2MLwpwnsZUrz01Dna5RD', 'duration_ms': 183427, 'time_signature': 4}"
44,"{'danceability': 0.644, 'energy': 0.711, 'key': 0, 'loudness': -5.666, 'mode': 1, 'speechiness': 0.0319, 'acousticness': 0.217, 'instrumentalness': 0.000116, 'liveness': 0.128, 'valence': 0.204, 'tempo': 124.015, 'type': 'audio_features', 'id': '471RMuDrTQqwjdaZ3zLp9L', 'uri': 'spotify:track:471RMuDrTQqwjdaZ3zLp9L', 'track_href': 'https://api.spotify.com/v1/tracks/471RMuDrTQqwjdaZ3zLp9L', 'analysis_url': 'https://api.spotify.com/v1/audio-analysis/471RMuDrTQqwjdaZ3zLp9L', 'duration_ms': 222600, 'time_signature': 4}"
45,"{'danceability': 0.711, 'energy': 0.468, 'key': 4, 'loudness': -4.797, 'mode': 0, 'speechiness': 0.0515, 'acousticness': 0.63, 'instrumentalness': 0.00427, 'liveness': 0.087, 'valence': 0.533, 'tempo': 127.458, 'type': 'audio_features', 'id': '40WXqoyOLAAugGmJWZU1FY', 'uri': 'spotify:track:40WXqoyOLAAugGmJWZU1FY', 'track_href': 'https://api.spotify.com/v1/tracks/40WXqoyOLAAugGmJWZU1FY', 'analysis_url': 'https://api.spotify.com/v1/audio-analysis/40WXqoyOLAAugGmJWZU1FY', 'duration_ms': 234973, 'time_signature': 4}"
46,"{'danceability': 0.726, 'energy': 0.474, 'key': 1, 'loudness': -7.834, 'mode': 0, 'speechiness': 0.0491, 'acousticness': 0.803, 'instrumentalness': 0, 'liveness': 0.258, 'valence': 0.57, 'tempo': 116.027, 'type': 'audio_features', 'id': '0AQquaENerGps8BQmbPw14', 'uri': 'spotify:track:0AQquaENerGps8BQmbPw14', 'track_href': 'https://api.spotify.com/v1/tracks/0AQquaENerGps8BQmbPw14', 'analysis_url': 'https://api.spotify.com/v1/audio-analysis/0AQquaENerGps8BQmbPw14', 'duration_ms': 235733, 'time_signature': 4}"
47,"{'danceability': 0.574, 'energy': 0.298, 'key': 9, 'loudness': -15.824, 'mode': 0, 'speechiness': 0.0505, 'acousticness': 0.977, 'instrumentalness': 1.93e-05, 'liveness': 0.109, 'valence': 0.373, 'tempo': 143.915, 'type': 'audio_features', 'id': '5VzUlV9jRio94UyYCSle5V', 'uri': 'spotify:track:5VzUlV9jRio94UyYCSle5V', 'track_href': 'https://api.spotify.com/v1/tracks/5VzUlV9jRio94UyYCSle5V', 'analysis_url': 'https://api.spotify.com/v1/audio-analysis/5VzUlV9jRio94UyYCSle5V', 'duration_ms': 74080, 'time_signature': 4}"
48,"{'danceability': 0.617, 'energy': 0.874, 'key': 0, 'loudness': -7.014, 'mode': 1, 'speechiness': 0.0358, 'acousticness': 0.391, 'instrumentalness': 0.363, 'liveness': 0.466, 'valence': 0.961, 'tempo': 89.596, 'type': 'audio_features', 'id': '3Ni6ZPaSxnvzWTpP9chwY4', 'uri': 'spotify:track:3Ni6ZPaSxnvzWTpP9chwY4', 'track_href': 'https://api.spotify.com/v1/tracks/3Ni6ZPaSxnvzWTpP9chwY4', 'analysis_url': 'https://api.spotify.com/v1/audio-analysis/3Ni6ZPaSxnvzWTpP9chwY4', 'duration_ms': 170640, 'time_signature': 4}"
49,"{'danceability': 0.317, 'energy': 0.736, 'key': 0, 'loudness': -4.567, 'mode': 1, 'speechiness': 0.0395, 'acousticness': 0.715, 'instrumentalness': 0.000141, 'liveness': 0.178, 'valence': 0.545, 'tempo': 74.292, 'type': 'audio_features', 'id': '3zE0ffPeli9k32BD6XWZju', 'uri': 'spotify:track:3zE0ffPeli9k32BD6XWZju', 'track_href': 'https://api.spotify.com/v1/tracks/3zE0ffPeli9k32BD6XWZju', 'analysis_url': 'https://api.spotify.com/v1/audio-analysis/3zE0ffPeli9k32BD6XWZju', 'duration_ms': 260427, 'time_signature': 4}"
50,"{'danceability': 0.486, 'energy': 0.931, 'key': 10, 'loudness': -4.711, 'mode': 1, 'speechiness': 0.108, 'acousticness': 0.00851, 'instrumentalness': 0, 'liveness': 0.104, 'valence': 0.595, 'tempo': 151.048, 'type': 'audio_features', 'id': '4nIrKKu28sn0EqS6RUXbMj', 'uri': 'spotify:track:4nIrKKu28sn0EqS6RUXbMj', 'track_href': 'https://api.spotify.com/v1/tracks/4nIrKKu28sn0EqS6RUXbMj', 'analysis_url': 'https://api.spotify.com/v1/audio-analysis/4nIrKKu28sn0EqS6RUXbMj', 'duration_ms': 226800, 'time_signature': 4}"
51,"{'danceability': 0.517, 'energy': 0.189, 'key': 11, 'loudness': -15.111, 'mode': 1, 'speechiness': 0.048, 'acousticness': 0.964, 'instrumentalness': 0, 'liveness': 0.125, 'valence': 0.484, 'tempo': 88.337, 'type': 'audio_features', 'id': '5pyLrlgDWxBxjh8JuUSeZE', 'uri': 'spotify:track:5pyLrlgDWxBxjh8JuUSeZE', 'track_href': 'https://api.spotify.com/v1/tracks/5pyLrlgDWxBxjh8JuUSeZE', 'analysis_url': 'https://api.spotify.com/v1/audio-analysis/5pyLrlgDWxBxjh8JuUSeZE', 'duration_ms': 138133, 'time_signature': 4}"
52,"{'danceability': 0.269, 'energy': 0.0661, 'key': 0, 'loudness': -14.619, 'mode': 1, 'speechiness': 0.0328, 'acousticness': 0.953, 'instrumentalness': 0, 'liveness': 0.0977, 'valence': 0.0677, 'tempo': 69.734, 'type': 'audio_features', 'id': '5gY2OMYemBTp6BPPTu5bKo', 'uri': 'spotify:track:5gY2OMYemBTp6BPPTu5bKo', 'track_href': 'https://api.spotify.com/v1/tracks/5gY2OMYemBTp6BPPTu5bKo', 'analysis_url': 'https://api.spotify.com/v1/audio-analysis/5gY2OMYemBTp6BPPTu5bKo', 'duration_ms': 286800, 'time_signature': 4}"
53,"{'danceability': 0.825, 'energy': 0.156, 'key': 7, 'loudness': -11.795, 'mode': 1, 'speechiness': 0.0489, 'acousticness': 0.949, 'instrumentalness': 0, 'liveness': 0.144, 'valence': 0.731, 'tempo': 115.935, 'type': 'audio_features', 'id': '5h5jgdOL0vr26Dqi8m6GxN', 'uri': 'spotify:track:5h5jgdOL0vr26Dqi8m6GxN', 'track_href': 'https://api.spotify.com/v1/tracks/5h5jgdOL0vr26Dqi8m6GxN', 'analysis_url': 'https://api.spotify.com/v1/audio-analysis/5h5jgdOL0vr26Dqi8m6GxN', 'duration_ms': 145800, 'time_signature': 4}"
54,"{'danceability': 0.645, 'energy': 0.169, 'key': 9, 'loudness': -15.744, 'mode': 1, 'speechiness': 0.0317, 'acousticness': 0.844, 'instrumentalness': 0.00019, 'liveness': 0.109, 'valence': 0.178, 'tempo': 167.826, 'type': 'audio_features', 'id': '7K36drJq6lInkW6Kkojucp', 'uri': 'spotify:track:7K36drJq6lInkW6Kkojucp', 'track_href': 'https://api.spotify.com/v1/tracks/7K36drJq6lInkW6Kkojucp', 'analysis_url': 'https://api.spotify.com/v1/audio-analysis/7K36drJq6lInkW6Kkojucp', 'duration_ms': 158014, 'time_signature': 4}"
55,"{'danceability': 0.646, 'energy': 0.774, 'key': 11, 'loudness': -6.261, 'mode': 1, 'speechiness': 0.0332, 'acousticness': 0.00408, 'instrumentalness': 0, 'liveness': 0.056, 'valence': 0.853, 'tempo': 114.929, 'type': 'audio_features', 'id': '6lsX7cBPQpICjGCuLzzotO', 'uri': 'spotify:track:6lsX7cBPQpICjGCuLzzotO', 'track_href': 'https://api.spotify.com/v1/tracks/6lsX7cBPQpICjGCuLzzotO', 'analysis_url': 'https://api.spotify.com/v1/audio-analysis/6lsX7cBPQpICjGCuLzzotO', 'duration_ms': 154813, 'time_signature': 4}"
56,"{'danceability': 0.457, 'energy': 0.197, 'key': 11, 'loudness': -10.644, 'mode': 1, 'speechiness': 0.0337, 'acousticness': 0.966, 'instrumentalness': 0, 'liveness': 0.195, 'valence': 0.164, 'tempo': 115.691, 'type': 'audio_features', 'id': '3b7LLiMJmdogSnLkv1i6Rh', 'uri': 'spotify:track:3b7LLiMJmdogSnLkv1i6Rh', 'track_href': 'https://api.spotify.com/v1/tracks/3b7LLiMJmdogSnLkv1i6Rh', 'analysis_url': 'https://api.spotify.com/v1/audio-analysis/3b7LLiMJmdogSnLkv1i6Rh', 'duration_ms': 228960, 'time_signature': 4}"
57,"{'danceability': 0.54, 'energy': 0.202, 'key': 3, 'loudness': -9.027, 'mode': 1, 'speechiness': 0.0546, 'acousticness': 0.836, 'instrumentalness': 0, 'liveness': 0.116, 'valence': 0.374, 'tempo': 95.156, 'type': 'audio_features', 'id': '6ipewFxC28oieMKp3rU7hJ', 'uri': 'spotify:track:6ipewFxC28oieMKp3rU7hJ', 'track_href': 'https://api.spotify.com/v1/tracks/6ipewFxC28oieMKp3rU7hJ', 'analysis_url': 'https://api.spotify.com/v1/audio-analysis/6ipewFxC28oieMKp3rU7hJ', 'duration_ms': 109375, 'time_signature': 3}"
58,"{'danceability': 0.555, 'energy': 0.843, 'key': 5, 'loudness': -5.383, 'mode': 1, 'speechiness': 0.0465, 'acousticness': 0.0454, 'instrumentalness': 0.017, 'liveness': 0.347, 'valence': 0.358, 'tempo': 82.974, 'type': 'audio_features', 'id': '1Z4bpgy49F5P9mQrp29OVK', 'uri': 'spotify:track:1Z4bpgy49F5P9mQrp29OVK', 'track_href': 'https://api.spotify.com/v1/tracks/1Z4bpgy49F5P9mQrp29OVK', 'analysis_url': 'https://api.spotify.com/v1/audio-analysis/1Z4bpgy49F5P9mQrp29OVK', 'duration_ms': 196840, 'time_signature': 4}"
59,"{'danceability': 0.563, 'energy': 0.521, 'key': 4, 'loudness': -6.684, 'mode': 1, 'speechiness': 0.0259, 'acousticness': 0.306, 'instrumentalness': 0.00174, 'liveness': 0.162, 'valence': 0.483, 'tempo': 110.265, 'type': 'audio_features', 'id': '3H3cDfxXnZIK8lcUx7Wl0x', 'uri': 'spotify:track:3H3cDfxXnZIK8lcUx7Wl0x', 'track_href': 'https://api.spotify.com/v1/tracks/3H3cDfxXnZIK8lcUx7Wl0x', 'analysis_url': 'https://api.spotify.com/v1/audio-analysis/3H3cDfxXnZIK8lcUx7Wl0x', 'duration_ms': 242907, 'time_signature': 4}"
60,"{'danceability': 0.648, 'energy': 0.279, 'key': 8, 'loudness': -13.373, 'mode': 1, 'speechiness': 0.357, 'acousticness': 0.802, 'instrumentalness': 0, 'liveness': 0.147, 'valence': 0.833, 'tempo': 77.49, 'type': 'audio_features', 'id': '3hf8kPNd48tcmO5zMtQ6aB', 'uri': 'spotify:track:3hf8kPNd48tcmO5zMtQ6aB', 'track_href': 'https://api.spotify.com/v1/tracks/3hf8kPNd48tcmO5zMtQ6aB', 'analysis_url': 'https://api.spotify.com/v1/audio-analysis/3hf8kPNd48tcmO5zMtQ6aB', 'duration_ms': 183333, 'time_signature': 4}"
61,"{'danceability': 0.557, 'energy': 0.425, 'key': 5, 'loudness': -8.884, 'mode': 1, 'speechiness': 0.033, 'acousticness': 0.642, 'instrumentalness': 0.683, 'liveness': 0.261, 'valence': 0.549, 'tempo': 116.621, 'type': 'audio_features', 'id': '1ta13Xykv2UueWJGvd9YMq', 'uri': 'spotify:track:1ta13Xykv2UueWJGvd9YMq', 'track_href': 'https://api.spotify.com/v1/tracks/1ta13Xykv2UueWJGvd9YMq', 'analysis_url': 'https://api.spotify.com/v1/audio-analysis/1ta13Xykv2UueWJGvd9YMq', 'duration_ms': 126800, 'time_signature': 4}"
62,"{'danceability': 0.472, 'energy': 0.758, 'key': 6, 'loudness': -5.731, 'mode': 1, 'speechiness': 0.0448, 'acousticness': 0.00343, 'instrumentalness': 0, 'liveness': 0.0848, 'valence': 0.409, 'tempo': 141.001, 'type': 'audio_features', 'id': '3DAJYqJpG8UfbEpsLi1XSr', 'uri': 'spotify:track:3DAJYqJpG8UfbEpsLi1XSr', 'track_href': 'https://api.spotify.com/v1/tracks/3DAJYqJpG8UfbEpsLi1XSr', 'analysis_url': 'https://api.spotify.com/v1/audio-analysis/3DAJYqJpG8UfbEpsLi1XSr', 'duration_ms': 176547, 'time_signature': 4}"
63,"{'danceability': 0.409, 'energy': 0.951, 'key': 11, 'loudness': -3.487, 'mode': 1, 'speechiness': 0.157, 'acousticness': 0.000306, 'instrumentalness': 8.11e-06, 'liveness': 0.314, 'valence': 0.523, 'tempo': 155.967, 'type': 'audio_features', 'id': '3DUBhiM44zetJNERX0n8Nk', 'uri': 'spotify:track:3DUBhiM44zetJNERX0n8Nk', 'track_href': 'https://api.spotify.com/v1/tracks/3DUBhiM44zetJNERX0n8Nk', 'analysis_url': 'https://api.spotify.com/v1/audio-analysis/3DUBhiM44zetJNERX0n8Nk', 'duration_ms': 204227, 'time_signature': 4}"
64,"{'danceability': 0.732, 'energy': 0.138, 'key': 10, 'loudness': -14.28, 'mode': 1, 'speechiness': 0.0431, 'acousticness': 0.958, 'instrumentalness': 0, 'liveness': 0.107, 'valence': 0.634, 'tempo': 118.44, 'type': 'audio_features', 'id': '5CMw1IWB7JOpUY9nk54n1K', 'uri': 'spotify:track:5CMw1IWB7JOpUY9nk54n1K', 'track_href': 'https://api.spotify.com/v1/tracks/5CMw1IWB7JOpUY9nk54n1K', 'analysis_url': 'https://api.spotify.com/v1/audio-analysis/5CMw1IWB7JOpUY9nk54n1K', 'duration_ms': 156933, 'time_signature': 4}"
65,"{'danceability': 0.467, 'energy': 0.794, 'key': 1, 'loudness': -6.174, 'mode': 0, 'speechiness': 0.0349, 'acousticness': 8.39e-05, 'instrumentalness': 0.00204, 'liveness': 0.103, 'valence': 0.589, 'tempo': 162.435, 'type': 'audio_features', 'id': '44psOy0D0SP8rcIiUgKgBs', 'uri': 'spotify:track:44psOy0D0SP8rcIiUgKgBs', 'track_href': 'https://api.spotify.com/v1/tracks/44psOy0D0SP8rcIiUgKgBs', 'analysis_url': 'https://api.spotify.com/v1/audio-analysis/44psOy0D0SP8rcIiUgKgBs', 'duration_ms': 209187, 'time_signature': 4}"
66,"{'danceability': 0.302, 'energy': 0.602, 'key': 7, 'loudness': -9.231, 'mode': 0, 'speechiness': 0.0326, 'acousticness': 0.159, 'instrumentalness': 0.0386, 'liveness': 0.194, 'valence': 0.346, 'tempo': 96.512, 'type': 'audio_features', 'id': '1vxFlfS1YoRHERsVYZ1F3m', 'uri': 'spotify:track:1vxFlfS1YoRHERsVYZ1F3m', 'track_href': 'https://api.spotify.com/v1/tracks/1vxFlfS1YoRHERsVYZ1F3m', 'analysis_url': 'https://api.spotify.com/v1/audio-analysis/1vxFlfS1YoRHERsVYZ1F3m', 'duration_ms': 155907, 'time_signature': 4}"
67,"{'danceability': 0.684, 'energy': 0.247, 'key': 5, 'loudness': -13.71, 'mode': 1, 'speechiness': 0.0281, 'acousticness': 0.872, 'instrumentalness': 0.000166, 'liveness': 0.113, 'valence': 0.768, 'tempo': 106.522, 'type': 'audio_features', 'id': '7wO1SGOue1lTuTzmXsp6vm', 'uri': 'spotify:track:7wO1SGOue1lTuTzmXsp6vm', 'track_href': 'https://api.spotify.com/v1/tracks/7wO1SGOue1lTuTzmXsp6vm', 'analysis_url': 'https://api.spotify.com/v1/audio-analysis/7wO1SGOue1lTuTzmXsp6vm', 'duration_ms': 116627, 'time_signature': 3}"
68,"{'danceability': 0.62, 'energy': 0.716, 'key': 7, 'loudness': -8.231, 'mode': 1, 'speechiness': 0.0326, 'acousticness': 0.398, 'instrumentalness': 6.59e-06, 'liveness': 0.0693, 'valence': 0.867, 'tempo': 107.96, 'type': 'audio_features', 'id': '0nH48M8Aoj5K47JZLlBmlZ', 'uri': 'spotify:track:0nH48M8Aoj5K47JZLlBmlZ', 'track_href': 'https://api.spotify.com/v1/tracks/0nH48M8Aoj5K47JZLlBmlZ', 'analysis_url': 'https://api.spotify.com/v1/audio-analysis/0nH48M8Aoj5K47JZLlBmlZ', 'duration_ms': 223373, 'time_signature': 4}"
69,"{'danceability': 0.43, 'energy': 0.419, 'key': 0, 'loudness': -6.973, 'mode': 1, 'speechiness': 0.0446, 'acousticness': 0.931, 'instrumentalness': 0, 'liveness': 0.0658, 'valence': 0.319, 'tempo': 129.375, 'type': 'audio_features', 'id': '5Zkvbdji5ciu115NkmmAAV', 'uri': 'spotify:track:5Zkvbdji5ciu115NkmmAAV', 'track_href': 'https://api.spotify.com/v1/tracks/5Zkvbdji5ciu115NkmmAAV', 'analysis_url': 'https://api.spotify.com/v1/audio-analysis/5Zkvbdji5ciu115NkmmAAV', 'duration_ms': 147227, 'time_signature': 5}"
70,"{'danceability': 0.534, 'energy': 0.279, 'key': 10, 'loudness': -13.868, 'mode': 1, 'speechiness': 0.0926, 'acousticness': 0.785, 'instrumentalness': 0, 'liveness': 0.102, 'valence': 0.539, 'tempo': 129.002, 'type': 'audio_features', 'id': '5bV5aNKjf4YelnJQHJ5PEI', 'uri': 'spotify:track:5bV5aNKjf4YelnJQHJ5PEI', 'track_href': 'https://api.spotify.com/v1/tracks/5bV5aNKjf4YelnJQHJ5PEI', 'analysis_url': 'https://api.spotify.com/v1/audio-analysis/5bV5aNKjf4YelnJQHJ5PEI', 'duration_ms': 154867, 'time_signature': 4}"
71,"{'danceability': 0.702, 'energy': 0.226, 'key': 5, 'loudness': -13.417, 'mode': 1, 'speechiness': 0.0457, 'acousticness': 0.98, 'instrumentalness': 0.00102, 'liveness': 0.0653, 'valence': 0.881, 'tempo': 92.42, 'type': 'audio_features', 'id': '45YtTdmH2PNKEnxN3uTZQy', 'uri': 'spotify:track:45YtTdmH2PNKEnxN3uTZQy', 'track_href': 'https://api.spotify.com/v1/tracks/45YtTdmH2PNKEnxN3uTZQy', 'analysis_url': 'https://api.spotify.com/v1/audio-analysis/45YtTdmH2PNKEnxN3uTZQy', 'duration_ms': 200067, 'time_signature': 4}"
72,"{'danceability': 0.474, 'energy': 0.343, 'key': 7, 'loudness': -12.138, 'mode': 1, 'speechiness': 0.0298, 'acousticness': 0.0225, 'instrumentalness': 0.00704, 'liveness': 0.152, 'valence': 0.607, 'tempo': 114.877, 'type': 'audio_features', 'id': '1OtWwtGFPXVhdAVKZHwrNF', 'uri': 'spotify:track:1OtWwtGFPXVhdAVKZHwrNF', 'track_href': 'https://api.spotify.com/v1/tracks/1OtWwtGFPXVhdAVKZHwrNF', 'analysis_url': 'https://api.spotify.com/v1/audio-analysis/1OtWwtGFPXVhdAVKZHwrNF', 'duration_ms': 263973, 'time_signature': 4}"
73,"{'danceability': 0.7, 'energy': 0.786, 'key': 8, 'loudness': -4.867, 'mode': 1, 'speechiness': 0.0277, 'acousticness': 0.137, 'instrumentalness': 0, 'liveness': 0.0949, 'valence': 0.721, 'tempo': 96.003, 'type': 'audio_features', 'id': '4i1MWIchrtBoSh6wcAdt7e', 'uri': 'spotify:track:4i1MWIchrtBoSh6wcAdt7e', 'track_href': 'https://api.spotify.com/v1/tracks/4i1MWIchrtBoSh6wcAdt7e', 'analysis_url': 'https://api.spotify.com/v1/audio-analysis/4i1MWIchrtBoSh6wcAdt7e', 'duration_ms': 221840, 'time_signature': 4}"
74,"{'danceability': 0.488, 'energy': 0.909, 'key': 10, 'loudness': -6.591, 'mode': 1, 'speechiness': 0.0929, 'acousticness': 0.0011, 'instrumentalness': 1.02e-05, 'liveness': 0.456, 'valence': 0.643, 'tempo': 129.774, 'type': 'audio_features', 'id': '1KDYN3odJHnj9pqGHN3FVs', 'uri': 'spotify:track:1KDYN3odJHnj9pqGHN3FVs', 'track_href': 'https://api.spotify.com/v1/tracks/1KDYN3odJHnj9pqGHN3FVs', 'analysis_url': 'https://api.spotify.com/v1/audio-analysis/1KDYN3odJHnj9pqGHN3FVs', 'duration_ms': 244400, 'time_signature': 4}"
75,"{'danceability': 0.642, 'energy': 0.931, 'key': 1, 'loudness': -4.142, 'mode': 1, 'speechiness': 0.0417, 'acousticness': 0.0131, 'instrumentalness': 0.825, 'liveness': 0.215, 'valence': 0.548, 'tempo': 152.005, 'type': 'audio_features', 'id': '0t2QiRkpag0fAgs9zuCPlH', 'uri': 'spotify:track:0t2QiRkpag0fAgs9zuCPlH', 'track_href': 'https://api.spotify.com/v1/tracks/0t2QiRkpag0fAgs9zuCPlH', 'analysis_url': 'https://api.spotify.com/v1/audio-analysis/0t2QiRkpag0fAgs9zuCPlH', 'duration_ms': 284400, 'time_signature': 4}"
76,"{'danceability': 0.557, 'energy': 0.662, 'key': 11, 'loudness': -5.606, 'mode': 1, 'speechiness': 0.0345, 'acousticness': 0.0253, 'instrumentalness': 0, 'liveness': 0.074, 'valence': 0.601, 'tempo': 123.058, 'type': 'audio_features', 'id': '1SD9k6NYd5cBAAJ4ALmbkC', 'uri': 'spotify:track:1SD9k6NYd5cBAAJ4ALmbkC', 'track_href': 'https://api.spotify.com/v1/tracks/1SD9k6NYd5cBAAJ4ALmbkC', 'analysis_url': 'https://api.spotify.com/v1/audio-analysis/1SD9k6NYd5cBAAJ4ALmbkC', 'duration_ms': 176052, 'time_signature': 4}"
77,"{'danceability': 0.363, 'energy': 0.498, 'key': 11, 'loudness': -8.032, 'mode': 1, 'speechiness': 0.03, 'acousticness': 0.472, 'instrumentalness': 0.000197, 'liveness': 0.164, 'valence': 0.34, 'tempo': 149.239, 'type': 'audio_features', 'id': '78NnAw2qrlMrsedXLWLsYj', 'uri': 'spotify:track:78NnAw2qrlMrsedXLWLsYj', 'track_href': 'https://api.spotify.com/v1/tracks/78NnAw2qrlMrsedXLWLsYj', 'analysis_url': 'https://api.spotify.com/v1/audio-analysis/78NnAw2qrlMrsedXLWLsYj', 'duration_ms': 291360, 'time_signature': 4}"
78,"{'danceability': 0.473, 'energy': 0.317, 'key': 2, 'loudness': -10.324, 'mode': 1, 'speechiness': 0.0318, 'acousticness': 0.944, 'instrumentalness': 0.0124, 'liveness': 0.11, 'valence': 0.132, 'tempo': 139.899, 'type': 'audio_features', 'id': '6FOyzhp375u8DapDyQqGTh', 'uri': 'spotify:track:6FOyzhp375u8DapDyQqGTh', 'track_href': 'https://api.spotify.com/v1/tracks/6FOyzhp375u8DapDyQqGTh', 'analysis_url': 'https://api.spotify.com/v1/audio-analysis/6FOyzhp375u8DapDyQqGTh', 'duration_ms': 241720, 'time_signature': 4}"
79,"{'danceability': 0.56, 'energy': 0.253, 'key': 7, 'loudness': -12.079, 'mode': 0, 'speechiness': 0.0468, 'acousticness': 0.909, 'instrumentalness': 0, 'liveness': 0.0701, 'valence': 0.237, 'tempo': 112.859, 'type': 'audio_features', 'id': '4YfWpUz8Hc6PlUGNiJVhrd', 'uri': 'spotify:track:4YfWpUz8Hc6PlUGNiJVhrd', 'track_href': 'https://api.spotify.com/v1/tracks/4YfWpUz8Hc6PlUGNiJVhrd', 'analysis_url': 'https://api.spotify.com/v1/audio-analysis/4YfWpUz8Hc6PlUGNiJVhrd', 'duration_ms': 236213, 'time_signature': 3}"
80,"{'danceability': 0.628, 'energy': 0.883, 'key': 8, 'loudness': -5.578, 'mode': 0, 'speechiness': 0.14, 'acousticness': 0.0316, 'instrumentalness': 0.000106, 'liveness': 0.0622, 'valence': 0.658, 'tempo': 87.91, 'type': 'audio_features', 'id': '5c9YHjSjEZxaCxsF1Gy5Jt', 'uri': 'spotify:track:5c9YHjSjEZxaCxsF1Gy5Jt', 'track_href': 'https://api.spotify.com/v1/tracks/5c9YHjSjEZxaCxsF1Gy5Jt', 'analysis_url': 'https://api.spotify.com/v1/audio-analysis/5c9YHjSjEZxaCxsF1Gy5Jt', 'duration_ms': 196849, 'time_signature': 4}"
81,"{'danceability': 0.391, 'energy': 0.578, 'key': 0, 'loudness': -5.432, 'mode': 1, 'speechiness': 0.0339, 'acousticness': 0.0297, 'instrumentalness': 2.88e-06, 'liveness': 0.12, 'valence': 0.34, 'tempo': 131.969, 'type': 'audio_features', 'id': '7dIYMfQv5hyZ0I1S29MJIR', 'uri': 'spotify:track:7dIYMfQv5hyZ0I1S29MJIR', 'track_href': 'https://api.spotify.com/v1/tracks/7dIYMfQv5hyZ0I1S29MJIR', 'analysis_url': 'https://api.spotify.com/v1/audio-analysis/7dIYMfQv5hyZ0I1S29MJIR', 'duration_ms': 326053, 'time_signature': 4}"
82,"{'danceability': 0.518, 'energy': 0.89, 'key': 10, 'loudness': -4.971, 'mode': 1, 'speechiness': 0.0506, 'acousticness': 0.148, 'instrumentalness': 3.22e-05, 'liveness': 0.299, 'valence': 0.453, 'tempo': 143.101, 'type': 'audio_features', 'id': '1fuzutFc8Pm1K9x8DIQFaA', 'uri': 'spotify:track:1fuzutFc8Pm1K9x8DIQFaA', 'track_href': 'https://api.spotify.com/v1/tracks/1fuzutFc8Pm1K9x8DIQFaA', 'analysis_url': 'https://api.spotify.com/v1/audio-analysis/1fuzutFc8Pm1K9x8DIQFaA', 'duration_ms': 216067, 'time_signature': 4}"
83,"{'danceability': 0.484, 'energy': 0.571, 'key': 7, 'loudness': -8.615, 'mode': 1, 'speechiness': 0.0328, 'acousticness': 0.265, 'instrumentalness': 0.0729, 'liveness': 0.0725, 'valence': 0.331, 'tempo': 81.974, 'type': 'audio_features', 'id': '3jgeT5VbjcBfITYtJb2Gbv', 'uri': 'spotify:track:3jgeT5VbjcBfITYtJb2Gbv', 'track_href': 'https://api.spotify.com/v1/tracks/3jgeT5VbjcBfITYtJb2Gbv', 'analysis_url': 'https://api.spotify.com/v1/audio-analysis/3jgeT5VbjcBfITYtJb2Gbv', 'duration_ms': 209215, 'time_signature': 4}"
84,"{'danceability': 0.744, 'energy': 0.845, 'key': 4, 'loudness': -7.422, 'mode': 0, 'speechiness': 0.253, 'acousticness': 0.759, 'instrumentalness': 0.232, 'liveness': 0.1, 'valence': 0.749, 'tempo': 75.221, 'type': 'audio_features', 'id': '6axvnGwB3rtoriGI1lPhTz', 'uri': 'spotify:track:6axvnGwB3rtoriGI1lPhTz', 'track_href': 'https://api.spotify.com/v1/tracks/6axvnGwB3rtoriGI1lPhTz', 'analysis_url': 'https://api.spotify.com/v1/audio-analysis/6axvnGwB3rtoriGI1lPhTz', 'duration_ms': 160000, 'time_signature': 4}"
85,"{'danceability': 0.609, 'energy': 0.237, 'key': 8, 'loudness': -9.624, 'mode': 1, 'speechiness': 0.059, 'acousticness': 0.914, 'instrumentalness': 0, 'liveness': 0.225, 'valence': 0.191, 'tempo': 81.707, 'type': 'audio_features', 'id': '2qoGZBMUh2ghGUG1eq0Wyn', 'uri': 'spotify:track:2qoGZBMUh2ghGUG1eq0Wyn', 'track_href': 'https://api.spotify.com/v1/tracks/2qoGZBMUh2ghGUG1eq0Wyn', 'analysis_url': 'https://api.spotify.com/v1/audio-analysis/2qoGZBMUh2ghGUG1eq0Wyn', 'duration_ms': 144520, 'time_signature': 4}"
86,"{'danceability': 0.342, 'energy': 0.203, 'key': 8, 'loudness': -8.363, 'mode': 1, 'speechiness': 0.0374, 'acousticness': 0.859, 'instrumentalness': 0, 'liveness': 0.0689, 'valence': 0.218, 'tempo': 84.224, 'type': 'audio_features', 'id': '0zd5RVBIp5wUj0r2Rrrz9U', 'uri': 'spotify:track:0zd5RVBIp5wUj0r2Rrrz9U', 'track_href': 'https://api.spotify.com/v1/tracks/0zd5RVBIp5wUj0r2Rrrz9U', 'analysis_url': 'https://api.spotify.com/v1/audio-analysis/0zd5RVBIp5wUj0r2Rrrz9U', 'duration_ms': 141000, 'time_signature': 4}"
87,"{'danceability': 0.397, 'energy': 0.831, 'key': 9, 'loudness': -4.721, 'mode': 1, 'speechiness': 0.0387, 'acousticness': 0.184, 'instrumentalness': 5.77e-05, 'liveness': 0.142, 'valence': 0.196, 'tempo': 142.342, 'type': 'audio_features', 'id': '3FvLYABhLwyY7i464vnfWv', 'uri': 'spotify:track:3FvLYABhLwyY7i464vnfWv', 'track_href': 'https://api.spotify.com/v1/tracks/3FvLYABhLwyY7i464vnfWv', 'analysis_url': 'https://api.spotify.com/v1/audio-analysis/3FvLYABhLwyY7i464vnfWv', 'duration_ms': 185360, 'time_signature': 4}"
88,"{'danceability': 0.629, 'energy': 0.721, 'key': 11, 'loudness': -6.292, 'mode': 1, 'speechiness': 0.0326, 'acousticness': 0.00282, 'instrumentalness': 1.41e-06, 'liveness': 0.128, 'valence': 0.854, 'tempo': 100.208, 'type': 'audio_features', 'id': '4LgIcna8LRrR3DOomihYMY', 'uri': 'spotify:track:4LgIcna8LRrR3DOomihYMY', 'track_href': 'https://api.spotify.com/v1/tracks/4LgIcna8LRrR3DOomihYMY', 'analysis_url': 'https://api.spotify.com/v1/audio-analysis/4LgIcna8LRrR3DOomihYMY', 'duration_ms': 232733, 'time_signature': 4}"
89,"{'danceability': 0.312, 'energy': 0.789, 'key': 0, 'loudness': -6.29, 'mode': 1, 'speechiness': 0.0615, 'acousticness': 0.0251, 'instrumentalness': 1.05e-05, 'liveness': 0.186, 'valence': 0.82, 'tempo': 176.745, 'type': 'audio_features', 'id': '370m6u1uBVSmxRMKvyvdEv', 'uri': 'spotify:track:370m6u1uBVSmxRMKvyvdEv', 'track_href': 'https://api.spotify.com/v1/tracks/370m6u1uBVSmxRMKvyvdEv', 'analysis_url': 'https://api.spotify.com/v1/audio-analysis/370m6u1uBVSmxRMKvyvdEv', 'duration_ms': 202200, 'time_signature': 4}"
90,"{'danceability': 0.623, 'energy': 0.65, 'key': 10, 'loudness': -7.953, 'mode': 1, 'speechiness': 0.0274, 'acousticness': 0.245, 'instrumentalness': 0.000913, 'liveness': 0.146, 'valence': 0.879, 'tempo': 116.74, 'type': 'audio_features', 'id': '2SOT09giYc28fUo9ppjCpw', 'uri': 'spotify:track:2SOT09giYc28fUo9ppjCpw', 'track_href': 'https://api.spotify.com/v1/tracks/2SOT09giYc28fUo9ppjCpw', 'analysis_url': 'https://api.spotify.com/v1/audio-analysis/2SOT09giYc28fUo9ppjCpw', 'duration_ms': 227907, 'time_signature': 4}"
91,"{'danceability': 0.683, 'energy': 0.677, 'key': 1, 'loudness': -6.06, 'mode': 1, 'speechiness': 0.0809, 'acousticness': 0.167, 'instrumentalness': 8.35e-06, 'liveness': 0.112, 'valence': 0.422, 'tempo': 116.008, 'type': 'audio_features', 'id': '0WpySA9xTObxQ5Z9c7I2Bv', 'uri': 'spotify:track:0WpySA9xTObxQ5Z9c7I2Bv', 'track_href': 'https://api.spotify.com/v1/tracks/0WpySA9xTObxQ5Z9c7I2Bv', 'analysis_url': 'https://api.spotify.com/v1/audio-analysis/0WpySA9xTObxQ5Z9c7I2Bv', 'duration_ms': 229973, 'time_signature': 4}"
92,"{'danceability': 0.557, 'energy': 0.838, 'key': 11, 'loudness': -4.699, 'mode': 0, 'speechiness': 0.0302, 'acousticness': 0.000125, 'instrumentalness': 0.288, 'liveness': 0.333, 'valence': 0.69, 'tempo': 112.971, 'type': 'audio_features', 'id': '3sWaYExlvZIkHUTHN4l1dy', 'uri': 'spotify:track:3sWaYExlvZIkHUTHN4l1dy', 'track_href': 'https://api.spotify.com/v1/tracks/3sWaYExlvZIkHUTHN4l1dy', 'analysis_url': 'https://api.spotify.com/v1/audio-analysis/3sWaYExlvZIkHUTHN4l1dy', 'duration_ms': 213027, 'time_signature': 4}"
93,"{'danceability': 0.571, 'energy': 0.975, 'key': 6, 'loudness': -4.097, 'mode': 1, 'speechiness': 0.0515, 'acousticness': 0.23, 'instrumentalness': 0.8, 'liveness': 0.397, 'valence': 0.966, 'tempo': 158.175, 'type': 'audio_features', 'id': '5iaWq4djtfWZk8McqrtprO', 'uri': 'spotify:track:5iaWq4djtfWZk8McqrtprO', 'track_href': 'https://api.spotify.com/v1/tracks/5iaWq4djtfWZk8McqrtprO', 'analysis_url': 'https://api.spotify.com/v1/audio-analysis/5iaWq4djtfWZk8McqrtprO', 'duration_ms': 212240, 'time_signature': 4}"
94,"{'danceability': 0.776, 'energy': 0.355, 'key': 2, 'loudness': -12.579, 'mode': 1, 'speechiness': 0.039, 'acousticness': 0.76, 'instrumentalness': 0.836, 'liveness': 0.0898, 'valence': 0.119, 'tempo': 111.588, 'type': 'audio_features', 'id': '34AWo71Ya5gq7wpNnatwr7', 'uri': 'spotify:track:34AWo71Ya5gq7wpNnatwr7', 'track_href': 'https://api.spotify.com/v1/tracks/34AWo71Ya5gq7wpNnatwr7', 'analysis_url': 'https://api.spotify.com/v1/audio-analysis/34AWo71Ya5gq7wpNnatwr7', 'duration_ms': 198760, 'time_signature': 4}"
95,"{'danceability': 0.428, 'energy': 0.724, 'key': 11, 'loudness': -7.264, 'mode': 0, 'speechiness': 0.0434, 'acousticness': 0.183, 'instrumentalness': 0.000136, 'liveness': 0.251, 'valence': 0.184, 'tempo': 146.917, 'type': 'audio_features', 'id': '4F9jpNQDKRFoyM4Ebpni6S', 'uri': 'spotify:track:4F9jpNQDKRFoyM4Ebpni6S', 'track_href': 'https://api.spotify.com/v1/tracks/4F9jpNQDKRFoyM4Ebpni6S', 'analysis_url': 'https://api.spotify.com/v1/audio-analysis/4F9jpNQDKRFoyM4Ebpni6S', 'duration_ms': 207519, 'time_signature': 4}"
96,"{'danceability': 0.711, 'energy': 0.775, 'key': 1, 'loudness': -4.04, 'mode': 1, 'speechiness': 0.0295, 'acousticness': 0.316, 'instrumentalness': 0, 'liveness': 0.102, 'valence': 0.745, 'tempo': 125.044, 'type': 'audio_features', 'id': '6pwYi8JStPRDK7bk2qul9w', 'uri': 'spotify:track:6pwYi8JStPRDK7bk2qul9w', 'track_href': 'https://api.spotify.com/v1/tracks/6pwYi8JStPRDK7bk2qul9w', 'analysis_url': 'https://api.spotify.com/v1/audio-analysis/6pwYi8JStPRDK7bk2qul9w', 'duration_ms': 265160, 'time_signature': 4}"
97,"{'danceability': 0.598, 'energy': 0.553, 'key': 9, 'loudness': -6.742, 'mode': 0, 'speechiness': 0.0397, 'acousticness': 0.562, 'instrumentalness': 0.157, 'liveness': 0.257, 'valence': 0.533, 'tempo': 123.075, 'type': 'audio_features', 'id': '6qZjm61s6u8Ead9sWxCDro', 'uri': 'spotify:track:6qZjm61s6u8Ead9sWxCDro', 'track_href': 'https://api.spotify.com/v1/tracks/6qZjm61s6u8Ead9sWxCDro', 'analysis_url': 'https://api.spotify.com/v1/audio-analysis/6qZjm61s6u8Ead9sWxCDro', 'duration_ms': 211227, 'time_signature': 4}"
98,"{'danceability': 0.751, 'energy': 0.271, 'key': 9, 'loudness': -10.175, 'mode': 0, 'speechiness': 0.0536, 'acousticness': 0.796, 'instrumentalness': 1.25e-05, 'liveness': 0.238, 'valence': 0.494, 'tempo': 125.534, 'type': 'audio_features', 'id': '5bIcVAGdof8JGvFKtWlHnD', 'uri': 'spotify:track:5bIcVAGdof8JGvFKtWlHnD', 'track_href': 'https://api.spotify.com/v1/tracks/5bIcVAGdof8JGvFKtWlHnD', 'analysis_url': 'https://api.spotify.com/v1/audio-analysis/5bIcVAGdof8JGvFKtWlHnD', 'duration_ms': 147800, 'time_signature': 4}"
